"Project Name","Developer Name","Phone Number","Email Address"
"Central Park Housing Scheme by Urban Developers Group","Urban Developers Group","+9242111109109",""
"Hyde Park Lahore","","+924235774342","info@hydeparklahore.com"
"Aurum Apartments Lahore","","+923229308088",""
"The Galleria Residences","","+923228703312","sales@tgr.com.pk"
"PENTA SQUARE","","+923054505005",""
"Zameen Quadrangle","","+923237536744",""
"Florets Luxury Apartments","","+923201112123",""
"Parkhouse Apartments","","+924232365342","info@salmandevelopers.com"
"Residence 15","","+923008523904",""
"Autograph By IBRAYA","IBRAYA","+923111804804",""
"7 Canal","","+923214026666","info@7canal.com"
"The Skyscraper Lahore","","+9242111221221","info@unitedlifestyle.pk"
"Oyster Court Luxury Residences","","+9242111000539",""
"Indigo Boutique Apartments Gulberg (Lahore)","","+923068888818",""
"The Springs Gaddafi (under construction)","","+923041118100",""
"Rajpoot Apartments","","+923331111132",""
"Appartments in lahore","","+923259437493",""
"Defence View Apartments","","+923234410152",""
"Sterling Residences","","+924235761076",""
"Gulberg Grove Apartments","","+923218559955",""
"B45 Residential Apartments","","+923008445151",""
"Zameen Phoenix","","+9242111333333",""
"NAMUVE - Premium Apartments in Lahore","","+923150144444",""
"One Canal Road by One Homes","One Homes","+443338804850",""
"The Mall Apartments","","+923237775858",""
"Indigo Boutique Apartments","","+923111118080",""
"Heaven Heights Luxury Apartments","","+923211823345",""
"Lahore Apartments","","+923166000024",""
"The Nishat Residences","","+923494564743",""
"Pak Residence","","+923244630340",""
"The Nest Apartments","","+923280556688",""
"Gulshan View Residential Society","","+923244200017",""
"Apartment for Rent in Air Avenue","","+923000630077","info@apexproperties.com.pk"
"The Corner Apartment by Izhar Group","Izhar Group","+923111144750","info@izharhousing.com"
"Casa Reina Luxury Apartments","","+923041111599",""
"Jewel one residences","","+9242111660660",""
"Sixty6 Gulberg (66 Gulberg)","","+923279999660",""
"Canal Boulevard","","+923210002111",""
"Indigo Signature Apartments - Studio, 1, 2 & 3 Luxury Apartments & Penthouses.","","+923003318939",""
"Birdwood Luxury Apartments","","+923066812462",""
"Fairmay Heights","","+924235758316",""
"PC Residences Gulberg Lahore","","+923372111110","pchb@pchotels.com"
"Zameen NEO","","+9242111333333",""
"Grand Luxury Apartments","","+923006305005",""
"Me and my residential apartments","","+923204422786",""
"DHA Apartments","","+923088325203",""
"The Springs Gulberg Lahore Booking Office / Sales Office","","+923041118100",""
"The Springs Atrium","","+923041118100",""
"Sixteen Heights Allama iqbal Town","","+923111786929",""
"Downtown Mall & Residences","Samana Developers","+923074984913","info@saiban.pk"
"SERENE GULBERG","","+923004100127",""
"AR-2 Apartments","","+923341660017",""
"Rajpoot Heights","","+923331111132",""
"Sheranwala Developer","","+923111228228",""
"apartment","","+923036376797",""
"Pearl Towers","","+923111444355",""
"Tower 21 Gulberg Lahore","","+923011414141",""
"Sitara Serene Tower","","+923330138286",""
"Andrews Gulberg Apartment","","+923008472004",""
"Maple Condominiums - Apartments in lahore","","+923111222054",""
"Creek Tower Lahore","","+923079333327",""
"Eden Heights","","+923078829363",""
"SAIF SONS GROUP (ROYAL SAIF TOWERS)","","+924235771977",""
"Q Flats","","+923257359502",""
"Sadiq Building (Officer House)","","+923035060421",""
"Tower 21 Booking Office","","+923011414141",""
"Blue Properties.com","","+923111654444",""
"BSM Developers Pvt. Limited","","+924237137640",""
"One Main Boulevard","","+923218938888",""
"Lahore Smart City - Lion Group","","+923224111168",""
"RN Construction Company Lahore","","+923004742976",""
"Blue Group of Companies","","+9242111223456",""
"Lahore Smart City Pvt Ltd","","+924235700788",""
"Clan Developers","","+923308884445",""
"Dream Homes","","+923111555281",""
"Head Office Soul City (Project by Marwa Developers)","Marwa Developers)","+9242111768505",""
"Citi Housing Lahore Corporate Office","","+9242111555551",""
"Landmark Builders & Developers Pvt. Ltd.","","+923008485348",""
"Maaher Builders & Developers","","+924237588268",""
"Al Abad Group","","+923164032490",""
"CBD Lahore","","+923111225786",""
"CBD Punjab (PCBDDA)","","+924299058000",""
"Lyallpur Properties – DHA Real Estate, Residential, Commercial & Construction Experts","","+923218444094",""
"Ahmed Construction Company (ACCO Pakistan)","","+923228000190",""
"Alhadiint construction company in lahore","","+923313339093",""
"Shelters Engineering Construction Company in Lahore","","+923070431104",""
"Ali Builders Construction & Interior","","+923004987077",""
"Canadian City Gwadar Office Lahore","","+923039479497",""
"MS Marketing Lahore Office","","+923134185000",""
"Zameen.com","","+924232560445",""
"HS Marketing (Pvt)Ltd","","+923012222201",""
"AHMED MARKETING","","+923214018800",""
"Lahore Smart City Corporate Office","","+923351117742",""
"Faseeh Estate","","+923208440666",""
"Dha Lahore Real Estate | Best Property Dealer in Dha Lahore","","+923001888290",""
"Atelier Enterprises","","+923214449494",""
"Currentage Associates","","+923209055550",""
"Bunch Hive Developers","","+923224104840",""
"One Central Commercial DHA Lahore The Passban Group","","+923218496645",""
"One Central DHA Lahore Marketed by The Kingdom","The Kingdom","+923218354444",""
"Lamudi Pakistan","","+923335509607",""
"YS Constructions","","+923224455400",""
"Lahore Real Estate","","+923224929992",""
"Cubes Construction","","+923008443609",""
"Concept Care Construction Co","","+923461322221",""
"SAREMCO Group","","+924235781257",""
"Contrive Solutions","","+923274945650",""
"UK STRUCTURES","","+923062222377",""
"Root Sum Design and Construction","","+923244900945",""
"Hunar Saaz Construction (HSC)","","+923005008328",""
"Faisal Associates | Architectural Services | Interiour Designing Services | Construction Services Lahore","","+923214018850",""
"Nowa Star Engineering Pvt Ltd","","+923126666833",""
"Arkaa Consultants","","+923111127522",""
"Luxury Manzil","","+923261080000",""
"Avenir Developments","","+923001101103",""
"RBS Royal Business Solution Real Estate and Builders","","+923045834567",""
"MY Construction","","+923353222777",""
"Built Properly Construction Company","","+923024899547",""
"Architect Engineering Housing Society","","+923447660594",""
"Engineering Project Development Consultants (Pvt) Ltd.","","+923008447138",""
"Zameen Developments","","+92111888888",""
"OPOC Architects & Builders","","+923333394455",""
"Eastern Housing Lahore","","+9242111627000",""
"DE ARCHATIVE HUB","","+923043330034",""
"Defence Housing Authority (DHA) HeadOffice - Lahore","","+9242111342547",""
"Syed Brothers Real Estate Construction","","+923266660141",""
"Shehersaaz","","+923214661000",""
"eProperty","","+923111042111",""
"Mehraaz Group","","+923218422990",""
"Structure Management Services","","+923114513097",""
"Ravi Urban Development Authority","","+924299333531",""
"MTM Consulting Services","","+923347500885",""
"Rafi Group Landmark Plaza","","+923009489353",""
"GharHub – Construction & Building Material Wholesaler | Architects & Interior Designers","","+923250009030",""
"ProCon (Design & Construction)","","+923224188358",""
"Rafi Group's Defence Shopping Mall","","+9242111111493","info@rafigroup.com"
"The Urban Unit","","+924299205316",""
"Zameen Hive","","+923330131037",""
"Titanium Agency & Homes","","+923038038038",""
"ATIQ ASSOCIATES","","+923218491407",""
"MyZameen","","+9242111304050",""
"ConstructBPO","","+924235465758",""
"Punjab Central Business District Development Authority","","+924299058000",""
"Grand Square Mall","","+923260002150",""
"Elegant Properties | DHA Property Dealer & Lahore Real Estate","","+923214813092",""
"Crescent Estate And Builder","","+923331492516",""
"Harmain Real Estate & Builders","","+923211113767",""
"Askari Corporate Tower","","+924235784225",""
"Tricon Corporate Centre","","+923214122103",""
"Architecture 24","","+923263262424",""
"Uniworks Builder","","+923267865424",""
"eProperty","","+923218469951",""
"Bin Suleman Real Estate & Builders","","+923009484188",""
"Azam Real Estate","","+923008039311",""
"Anwar Ali Architects","","+923224429487",""
"Al Imam Enterprises","","+924235164262",""
"ProjectsHub","","+923054847969",""
"PROJEK","","+923214517357",""
"Zee Avenue","","+924236363729",""
"Design Simulation","","+924235924664",""
"ProjectsSpace","","+923336722506",""
"Mall of Lahore","","+924236622445",""
"Gulberg Galleria","","+924235776795",""
"Mall 1","","+923277779854","info@mall1.net"
"Xinhua Mall","","+9242111786240",""
"Dolmen Mall Lahore","","+9242111363111",""
"Amanah Mall","","+924235131698","info@amanahmall.com.pk"
"Fortress Square Mall","","+923109996516",""
"Vogue Towers Lahore","","+924235764391",""
"Avenue Mall","","+924232101484","info@avenuemall.pk"
"Madison Square Mall","","+9242111333333",""
"Packages Mall","","+9242111696255",""
"Lahore center","","+923150563112",""
"Sparkle","","+923174358950",""
"I.T. Tower","","+9242111109109","info@urbandevelopersgroup.com"
"Swiss Mall Gulberg","","+923410135301",""
"The Palace Mall","","+923009551253",""
"HEAVEN MALL","","+923224086297",""
"Gold Crest Grand Mall and Residency","","+9242111141516",""
"STC Shopping Center","","+923334739259",""
"Shop4u.pk/","","+923331515150",""
"Usama Centre","","+923481624482",""
"Makki Complex","","+923214444133",""
"City Towers","","+924235770015","khioff@umergroup.com"
"Pakistan Mall","","+923071033662",""
"Model Bazaar Township, Lahore","","+924235241858",""
"Filter Security - CCTV Camera Installation DHA Lahore Branch","","+923090910101",""
"JazzCash Shop","","+923237410203",""
"Al-Hafeez business centre 89- A project of Al hafeez group","","+923224411440",""
"Bhullar Plaza","","+923098307877",""
"Lal Pull Main Market","","+923334092360",""
"Divine One","","+923256777024",""
"METRO - Cash and Carry","","+924235904600",""
"The Vertical Head Office","","+923401319999",""
"Abid Market","","+923111786234",""
"Punjab Interiors Group","","+923101777785",""
"Boulevard 57","","+923300565656",""
"Property Help","","+923001110268",""
"Mushq - Dolmen Mall Lahore","","+923499990033",""
"Digilog.pk","","+923124002221",""
"Linez Technologies","","+923296219415",""
"Abrar business center","","+923338791050",""
"Ravi Business Center","","+923331829518",""
"Rehman Business Centre","","+929235762571",""
"Business Talks Lahore Center","","+923096660962",""
"Comence | Coworking Space Lahore Johar Town","","+923048461000",""
"Smart Trade and Business Center (STBC)","","+924235763614",""
"Lahore Chamber of Commerce & Industry","","+9242111222499",""
"Business Incubation Center (GCU-BIC)","","+924299214601",""
"Time Digital, Business Center Shadman","","+923248413141",""
"Regus - Lahore, Tricon Corporate Centre","","+924232301550",""
"Ali Trade Centre","","+92423587673133",""
"ParkView City Business Center","","+923284454694",""
"Brakley Learning (Head Office) Lahore","","+923004112400",""
"Arfa Software Technology Park","","+923211119651",""
"Naveena Tower","","+923164784060",""
"Queens Centre","","+923274037937",""
"Divine Center","","+923094361173",""
"Al-Latif Centre","","+923236256956",""
"M-Tower","","+923004480888",""
"The Grand Vertical (V4 Business Centre)","","+923100115571",""
"Maryam Tower","","+923304242650",""
"Imlaak Business Center","","+923217999997",""
"New China centre Scarf Shop","","+923200415607",""
"Growth Coworking Space","","+923252002002",""
"Kickstart | Gulberg, 58-A2","","+923330596162",""
"GITMIT CO-WORKING SPACE","","+923007792020",""
"Bhatti Sab","","+923226094295",""
"Venture Drive Johar Town Branch","","+923322222474",""
"Orange Space - Co Working Space","","+923001672643",""
"AlJabbarCenter","","+923214553041",""
"Kickstart | MM Alam","","+923330596162",""
"Good Life sole center","","+923227864011",""
"MR Business Solutions","","+923344352431",""
"Regus - Lahore, Askari","","+922135202860",""
"PCMEA'S CARPET TRAINING INSTITUTE LAHORE","","+924236363953",""
"New Ijaz Brothers","","+924237220881",""
"ZAIGHAM BUTT PLAZA","","+923224554933",""
"Green Land Housing Scheme Lahore","","+923224544887",""
"Urban Villas Housing Society","","+923214101064",""
"Green Avenue Housing Society","","+923053333826",""
"Lahore Motorway City Head Office","","+923041111562",""
"Abdalian Society Gate","","+923356050047",""
"Al Ameen housing Society Phase 3","","+923214882668",""
"Dream Housing Society - Head Office","","+9242111248248",""
"Gulshan-e-Mustafa Housing Society","","+923135153099",""
"UBL Housing Society Limited","","+924235691635",""
"New Canal Garden Society (Gated)","","+923094949000",""
"punjab small industries cooperation","","+923458382817",""
"Al Karim Housing Society,","","+923024603920",""
"Formanites Society Lahore","","+923250667172",""
"Falcon Complex","","+923084283100",""
"Lahore Smart City","","+923024009179",""
"HBFC Society","","+923218402220",""
"Ghauri Villa","","+923244270549",""
"Takbeer Housing Society","","+923071053002",""
"Iqbal Avenue Society Office","","+924235185811",""
"1116/f State life housing society lahore","","+923014320319",""
"Sui Northern Officers Cooperative Housing Society, Phase 1, Lahore","","+923004749730",""
"Alpha Homes Headoffice kamaha","","+923001007541",""
"R block Model Town (extension) Lahore","","+923335399455",""
"SNOCHS (Sui Northern Officer's Co-operative Housing Society Phase -1 Lahore)","","+924235720130",""
"Garden City Lahore DHA Office","","+923064441377",""
"BOR Housing Society Office Lahore","","+924235178202",""
"Chughtai Lab, Lahore (Dha Punjab Society)","","+923404504109",""
"Pearl Real Estate","","+9242111273274",""
"Housing scheme","","+923332945643",""
"212 Lane 6, Block A. Abdalians Cooperative Housing Society Johar Town Lahore","","+923444161671",""
"Arif Villa","","+923213213021",""
"O2 Premium Villas","","+923066611171",""
"Omega Villas","","+924237401190",""
"Fort Villas TBD","","+923214992163",""
"Younis Estate & Builders","","+923218455190",""
"F-Link Properties and Builders","","+923096789293",""
"DCC Developers","","+924235791325",""
"Nest Properties Realtors & Builders","","+923366806343",""
"Engineer's Villa","","+61423653063",""
"Tameer Developers","","+923222228599",""
"The Everkind Villa","","+923170056006",""
"Dascon Construction Company","","+924235791325",""
"HOUSI DEVELOPMENTS","","+923284333390",""
"Signature Lands | DHA Best Construction Company","","+923111786929",""
"Hassan Estate and Builders","","+923004744667",""
"KS Developers and builders","","+923231488292",""
"Anngan.com","","+923041111698",""
"Khalifa Real Estate & Builders","","+923008501954",""
"Signature Lands | Lake city Best Construction Company","","+923111786929",""
"RA Real Estate & Developers","","+923001753888",""
"Century Properties Pakistan | Head Office","","+923421115544",""
"Askari Developers","","+923215500755",""
"MG Realtors & Builders","","+923027101111",""
"Eden Cottages II","","+923008486710",""
"Rehman Arcade","","+923004438387",""
"SoftVilla Business Solutions & Services Pvt Ltd.","","+923317777922",""
"Imlaak.com: 10X Your Real Estate","","+923002048585",""
"Mr Pool tech","","+923244240250",""
"Rayyan Associates","","+923348032216",""
"Shahzad's Wood Master","","+923334214755",""
"The Deal Makers Real Estate & Builders","","+923137474574",""
"Royal enclave al raheem garden","","+923001399913",""
"Vantage Developers","","+9280070000",""
"New City Paradise Lahore Head Office","","+923189999999",""
"ASK Development (Pvt. Ltd) Lahore","","+924235291975",""
"Lahore Smart City plots","","+923450026736",""
"Devsinc","","+924235700161",""
"Qube","","+9242111111101",""
"Visnext Software Solutions, Lahore","","+924235752867",""
"DevNoat - Web Development, SEO & Digital Marketing Services","","+923121369782",""
"Millat Estate","","+923008434425",""
"Rehman Garden","","+923356050047",""
"Liaqat & Son's Property Consultant","","+923424001926",""
"The Mind Developer's Academy","","+923040710101",""
"New Kings Lane Sales Office","","+923224065127",""
"Moeez Town, Harbanspura, Lahore SHAHID ESTATE MOEEZ TOWN","","+923021431111",""
"Tribech Solutions Pvt. Ltd","","+924235960068",""
"879 L Block Sabzazar Lahore","","+923324139839",""
"TopSpot","","+924235956100",""
"AL BARKAT REAL ESTATE AND BUILDERS","","+923000842222",""
"Baidar Anwer 163 block c model town lahore","","+923314045321",""
"Z.Y.A REAL ESTATE","","+923338757755",""
"Lahore Future City Head Office","","+923337979221",""
"PULSE Project Office","","+924237882061",""
"Project Director Office Building & Works Department","","+924299029238",""
"Rafi Group Green Palms","","+9242111111493",""
"Pelican Sales Gallery","","+923111299996",""
"Sales Corporation","","+923017430082",""
"Project Management Unit (Primary & Secondary Health Department)","","+924235775360",""
"Project X9 Gaming","","+923218487896",""
"Syed Brothers Head Office – Construction & Architectural Services Lahore","","+923214524254",""
"Omega Project Services - Lahore","","+924237181356",""
"A1 Estate Developers and Builders","","+923155863580",""
"Lodhi Builders & Estate","","+923215070122",""
"DHA Lahore City Properties","","+923334102103",""
"ZAMEEN92 Real Estate & Builder's","","+923014319325",""
"GM Real Estate and Developers","","+923201430049",""
"AMIR REAL ESTATE & BUILDERS PARAGON CITY LAHORE","","+923211124111",""
"Pakistan Builder & Real Estate","","+923213926786",""
"ESTATE POINT | Hostel, Rent House & Commercial, Sale Plots & Home | Lahore Property DHA | Real Estate","","+923174476534",""
"Ahmed&Co Properties","","+923277252259",""
"HR Real Estate Lahore","","+923261449677",""
"MRT Estate Buliders | Lahore Defence Property | Plot-House for sale DHA | Real Estate Agency","","+923030379000",""
"Mohsin Estate & Builders DHA Lahore","","+923214585462",""
"Maaher Estate Services","","+923214271528",""
"Property kingdom","","+923234071006",""
"New City Paradise Lahore","","+923365500556",""
"Lahore Lands Real Estate | Consultants | Contractors | Builders","","+923028409200",""
"HPA Real Estate and Development","","+923274499199",""
"Dha Lahore real estate","","+923009493891",""
"JK Properties and Developers-Lahore-Pakistan","","+923216527295",""
"AMD Real estate Project Management Pvt Ltd","","+923001180177",""
"Hamza Real Estate","","+923284000333",""
"Gulberg Luxury apartments","","+923240043971",""
"Smart Apartments (Long-Term Residence)","","+923038455888",""
"DownTown Apartments Gulberg","","+923277997799",""
"The Opus Luxury Residences","","+923150144444",""
"Arcadian Apartments Lahore","","+923256868837",""
"Lux Haven Stays","","+923435633337",""
"Lahore Hotels Apartments","","+923002999137",""
"Grand View Luxury Apartments","","+923163723754",""
"ST Apartments","","+923214271528",""
"Goldcrest Apartments","","+923217116777",""
"Luxury Apartments.pk | Gold Crest Apartments Lahore","","+923226066666",""
"Goldcrest Apartment - Lahore","","+923210999792",""
"Gold Crest Luxurious Apartments","","+923256607777",""
"Signature Apartments Park View City Lahore","","+923218420946",""
"Alnoor Luxury Hotel Apartments Lahore","","+923136766699",""
"AR Vista Hotel & Apartments","","+923226426046",""
"Hayyat Luxury Hotel Apartments | Family Hotel in Lahore","","+923136766699",""
"Ali Studio Apartments","","+923201010109",""
"Imperial Suites","","+923004998829",""
"Air Reside Hotel Apartments Dha","","+923142683843",""
"Gulberg Suites","","+923334241099",""
"Bilal Apartments","","+923167589985",""
"Second Home Apartments Branch 07","","+923334477228",""
"Luxury Apartments , Tower C","","+923216416428",""
"Burj One","","+9242111555222",""
"Address 73 - Luxury Apartments","","+923454444023",""
"Sky-high Construction","","+923310044373",""
"Thaheem Construction Company","","+924235854938",""
"Munawar Heights","","+923008498282",""
"HRU Developers","","+923255384793",""
"Pearl One Residencies","","+923000439124",""
"Rafi Group's Central Plaza","","+9242111111493",""
"HAMZA PLAZA - Commercial Shopes","","+923008406279",""
"Pakway Plaza","","+924235241121",""
"City Star Shopping Center","","+924235155552",""
"Square One","","+923104886268",""
"Rafi Group - Rafi Business Centre","","+9280000000",""
"Lahore Smart City","","+923216515123",""
"Malik Plaza 17 M","","+923336899211",""
"Taqbeer Arcade Jorrey Pull, Lahore","","+923204527683",""
"NAGiNA Lace Button And Embroidery And Zari House ""20M Kashmir Plaza International Market Model Town","","+923003929999",""
"New Plaza","","+923014280951",""
"LDA CITY LAHORE PLOTS FOR SALE Purchase","","+923218426089",""
"Habib plaza","","+923451701977",""
"Saleem plaza","","+923218885906",""
"e Print Store – Barkat Market, Lahore","","+923272772211",""
"Commercial Leather Store کمرشل لیدر سٹور","","+923004388219",""
"Pakeeza Commercial Kitchens","","+923218469072",""
"Glamour One Plaza Township Lahore","","+923134455991",""
"Garden Heights","","+923233231239",""
"Habib's Collection","","+923004049467",""
"GooLine Space (Barkat Market)","","+924235196350",""
"DHA Quetta Regional Office Lahore","","+92812864447",""
"Al Rehmat Plaza","","+923234151091",""
"Izhar","","+924237199446",""
"Paracha int Exchange DHA Phase 3 Branch","","+923218208993",""
"New Life Developers, Head Office","","+923009693723",""
"Ze Land Developers Pvt Limited","","+923454444980",""
"Superior Estimates Architectural Designs (SEADs)","","+923099049220",""
"GenXe Technologies","","+923005624325",""
"Webiconz Technologies | Website Development Agency | SEO Services Provider in Lahore Pakistan","","+923214191446",""
"Webzeto – Web Design & Development Company in Lahore, Pakistan","","+923369329386",""
"10Pearls Lahore","","+924238864543",""
"Xcentric Services","","+923008002094",""
"Punjab Skills Development Fund (PSDF)","","+9280048627",""
"Solutions Sector","","+923334481284",""
"Webbuggs (Your Cyber Space Existence Managers)","","+923324407669",""
"IRG Global - Web & Mobile App Development - Software Solutions - BPO Services - ERP - CRM - POS - Networking & VOIP Solutions","","+923244443823",""
"IT Genesis/The Best Software house in lahore/We deals all types of software/websites","","+923084926007",""
"First Idea Web Development (Pvt) Ltd. Domain Hosting Company | Web Development Software House","","+923214136474",""
"CureMD","","+924238852222",""
"Youth Empowerment Training Program - YETP","","+923029898082",""
"Bitlinks Tech","","+923001110031",""
"AZ Technologies","","+923297265684",""
"Zam Zam Estate","","+923214348002",""
"Maxobiz","","+17163749492",""
"MentorSol Technologies (Pvt) Ltd","","+923002189222",""
"Crewlogix Technologies","","+924238915581",""
"Rankviz Pvt Ltd","","+924235312124",""
"Pixelpk Technologies","","+923001181947",""
"Arslan Rauf - SEO Specialist | Digital Marketing Consultant GMB & Google adwords PPC expert in Lahore Pakistan","","+923454200109",""
"IT Genesis - - Software House in Lahore - - Software company in Lahore / Software house in Gulberg","","+923084926007",""
"Zameen ARX","","+923234148698",""
"Mobitsolutions - App Development & Digital Marketing Services","","+924237169737",""
"Nexma","","+924235302030",""
"Nextonix","","+923037223438",""
"Websouls","","+923225252352",""
"Esketchers","","+14694801465",""
"CrecenTech Systems","","+924235194670",""
"Navicosoft","","+923000341252",""
"DevBeats | Digital Marketing Company","","+923026912008",""
"Imperial Mall","","+923334223171",""
"Miniso Packages Mall","","+923047256464",""
"Red Mall","","+923094525269",""
"Bin Zaffar Shopping Mall","","+924235211705",""
"Al-Karim Mall","","+924232183187",""
"Nando's Dolmen Mall Lahore","","+923000544112",""
"COUNTRY Mal.","","+924235422214",""
"City center Lahore","","+923316197198",""
"Fun Factory","","+923454444911",""
"Sindbad's Wonderland Dolmen Mall Lahore","","+924237263078",""
"UK Center","","+923008001676",""
"Ensari Mall","","+924236361132",""
"Bachaa Party, Emporium Mall, Lahore","","+924232592552",""
"Carrefour - Packages Mall Lahore","","+9280049737",""
"Sowears (Dolmen Mall Lahore)","","+924237263105",""
"Miniso Dolmen Mall Lahore","","+923249532035",""
"METRO Ravi Road Store, Lahore","","+9242111063876",""
"shopping","","+923260475027",""
"Westend Plaza","","+923437272722",""
"KOKO-DOLMEN MALL LAHORE","","+924236412273",""
"Almirah, Emporium Mall, Lahore","","+923219414953",""
"Food Court Emporium Mall By Nishat Group","Nishat Group","+924232592000",""
"LOGO Emporium Mall Lahore","","+923205646132",""
"Conatural - Emporium Mall, Lahore","","+923220007632",""
"Lama Retail Dolmen Mall Lahore","","+923111115262",""
"OWS (our world of style) Dolmen Mall Lahore","","+923460081268",""
"Xiaomi Mi Store Official Emporium Mall Lahore","","+923094443434",""
"Image - Nishat Emporium Mall - Lahore","","+924232592373",""
"NUREH - Dolmen Mall Lahore","","+924236412002",""
"23- The Mall, Lahore","","+923229777738",""
"Nakoosh Emporium Mall Lahore","","+924232592308",""
"BEYOND EAST - Packages Mall Lahore","","+924232325834",""
"Baroque - Dolmen Mall Lahore","","+924237263026",""
"LOGO Packages Mall Lahore","","+924238915852",""
"The Nishat Hotel","","+9242111646835",""
"Jugnu Candle Dolmen Mall Lahore","","+923002258468",""
"Salaar Centre","","+9242111222228",""
"Best SEO Services Lahore | Abdul Rehman Sheikh","","+923174003454",""
"Value Coworking Space","","+923349981940",""
"Growork Coworking Flagship - G2 | 37 A","","+923044865868",""
"Clan Group","","+923282008888",""
"QuickOffice | 29-D Main Gulberg","","+923171118299",""
"Gold Star Estate Developers (Pvt) Ltd.","","+923116111686",""
"Digital Development Lab (DDL) – Taxali Gate","","+923214444012",""
"Agosh Complex,Shah Jilani Rd Township lahore","","+923134402771",""
"Pakistan Technical Training Centre(Regd). A Project of Punjab Polytechnical Education, Lahore.","","+923454726574",""
"Primavera P6 / PMP / Power BI Training Centre in Lahore Pakistan","","+923004068316",""
"Venture Hub","","+923071281280",""
"Innovative Business Solutions Pvt Ltd - ISO Certification in Lahore","","+923367382183",""
"Users Technology","","+971555869044",""
"ANS Associates","","+924237502930",""
"Eastern City Walk","","+923111100627",""
"Pak Tower","","+923094058784",""
"Board of Management Quaid-e-Azam Industrial Estate","","+923040618852",""
"Brandix Soft Lahore","","+923714940495",""
"SUPPORT EDGE SOLUTIONS","","+442035041660",""
"Consult 3s, Private Limited *(A subsidary/part of ""3S Companies Group"")","","+923234315969",""
"DEFQON DIGITAL","","+923234333766",""
"Diginatives - Software House in Lahore | AI, Custom Development, Cybersecurity","","+12136929694",""
"Azeem Sheikh House | Azeem SEO Expert","","+923090269183",""
"ASKARI X LAHORE CANTT","","+923324839903",""
"👑 ڈیرہ چوہدری سیف گجر","","+923320408824",""
"Tameer Pakistan 30 L Gulberg 3 Lahore","","+923215888000",""
"Green Palms Lahore Booking office (Khan Estate)","","+923214548845",""
"IVY Farms Lahore","","+923214968880",""
"Zam zam city lahore","","+923217011116",""
"Mehar Hamayun House,Lahore","","+923160452327",""
"DHA KK BLOCK Phase 4","","+923234149040",""
"Premier villas","","+923224848780",""
"Al Karam villas","","+923055182604",""
"Aslam Villa Lahore","","+923454406183",""
"New Dheera Villas","","+923234543542",""
"Urban Villas","","+923228412007",""
"Deewan Villas","","+923219474703",""
"Jalal Villas","","+923219490100",""
"Altakmeel Villas","","+923219402340",""
"O2 Premium Residences","","+923011660660",""
"Villa The Grand Buffet","","+923111777241",""
"Jutt Villas","","+923138835236",""
"Royal Villa's DHA","","+923291988908",""
"Grand Residencia Head Office","","+923111205111",""
"Punjab Land Development Company","","+924299205551",""
"Globbiz Avenue Head Office","","+923377862233",""
"Damaan Group","","+9242111326226",""
"Estatepak","","+923057775550",""
"Al Barq Properties®","","+923206264381",""
"LAHORE DEALS","","+923244424441",""
"Smart City Canal Road Lahore Main Office","","+924235136233",""
"Lahore Havalian Estate","","+923218433124",""
"Billionaire Investment Group Lahore","","+923441111244",""
"Shahbaz Estate","","+923219477118",""
"Greenland Booking Office","","+923255550346",""
"Impala Heights","","+923354096258",""
"Yasir Brothers Real Estate","","+923210777907",""
"Property Yar","","+923219273344",""
"Prime Marketing & Developers","","+923341111140",""
"Shaheen Estate and Builder","","+923007952540",""
"Property Guru by Imran Rasool","Imran Rasool","+923369944802",""
"Bin Zia Properties | DHA Phase-6 | Lahore","","+923004068217",""
"Goldtree Developers Group - Pakistan Leading Construction & Architecture Firm","","+923232090000",""
"Direct Deal Realtors (RUDA Authorised)","","+923218877440",""
"Etihad Marketing Real Estate Consultants","","+923400805555",""
"Lahore Defence Properties ®","","+923018403890",""
"Baig Real Estate","","+923001465131",""
"ssdevelopers","","+923218425270",""
"Lahore Realty & Marketing","","+923215856031",""
"Property Stock Pvt LTD","","+923281333329",""
"LAHORE PROPERTY DEALER","","+923134365259",""
"Lahore DHA Real Estate","","+923146017991",""
"Ali Rathore Associates","","+923320776393",""
"Al Mumtaz Estate - DHA Lahore | Plots & Houses For Sale","","+923124074573",""
"Defence Estate","","+923248809070",""
"Next level Properties","","+923209274647",""
"Zahid Estate","","+923224285051",""
"Hotline Associates","","+923008410306",""
"Al-Sheikh Real Estate & Builders","","+923014043086",""
"DE Estate & Builders","","+923133390009",""
"Channel Estate | Pakistan's Largest Real Estate Company","","+923214141800",""
"Property Skyline","","+923111786434",""
"Leads Estates","","+923218422212",""
"Lahore DHA real estate agent","","+923004794047",""
"New Lahore City | Estate Craft Marketing","","+923232444466",""
"Property Point Real Estate PVT LTD","","+923212228858",""
"Elevation Booking Office","","+923451111043",""
"Green Future Properties | Real Estate Company in Pakistan","","+923111444313",""
"Millennium Properties","","+923335667777",""
"Shahab Awan Realtor","","+923228078773",""
"TAB Developers","","+923281822822",""
"Peace of Land Estate (R)","","+923222322242",""
"Zameen.com Lahore Sales Head Office","","+923390883139",""
"Best Estate & Marketing","","+923008001010",""
"Maya Developers-Lahore","","+923002058811",""
"The Executor Real Estate Marketing","","+923454452361",""
"HMS Developer's Property","","+923295301480",""
"MR Properties | DHA Phase-6 | Lahore","","+923211000180",""
"Salman Developers","","+923260002150",""
"Lahore Deals","","+923214199383",""
"AUN PROPERTIES","","+923017913964",""
"Garden Town","","+923003173748",""
"Pakistan Properties & Builders","","+923216817568",""
"DHA Files Hub","","+923009405939",""
"Royal swiss City","","+9242111777588",""
"Glanz Homz - Luxury Apartments","","+923084778901",""
"Remarkable luxury Apartments","","+923209999069",""
"Tsquare exclusive living","","+923206366666",""
"18Gulberg by H&S","H&S","+923334880010",""
"Luxe Residencies| DHA phase8 Apartments | Rental Aparement Near Airport | Lahore Rental Apartments","","+923114177707",""
"Sunrise view luxury Apartments","","+923094474584",""
"Gold Crest | Royal Suites Apartments Defence Lahore","","+923338666660",""
"High Rise Builders (Private) Limited","","+923174199121",""
"ARD Developers Head Office","","+923341888888",""
"National Development Consultants Pvt. Ltd","","+924237135034",""
"Bmk developers","","+923333555788",""
"Wasayenterprises Builders & Realestate","","+923222555333",""
"The Passban Group (Lahore)","","+923217277226",""
"#Developers Community","","+923125871179",""
"Website Development Company Pakistan | Mobile App Development Company | Ecommerce Development Services | Ranglerz","","+923004521378",""
"TechSwivel - Mobile App Development Agency","","+923014853982",""
"Al-Burraq Technologies (PVT) LTD","","+14154499415",""
"Abbasi Developers","","+923000042042",""
"Divitik Solutions | Web Development, SEO & Digital Marketing Agency Lahore","","+923115801165",""
"Soft Solutions","","+924235211482",""
"Lahore Development Authority","","+924235897637",""
"Glowingsoft Technologies","","+923077898122",""
"Tech Communications Best Software development company","","+923351480932",""
"Tawasul Developers","","+923079333327",""
"Property Adviser & Builders","","+923361117776",""
"Citi Estate And Builders","","+923214130345",""
"Almuqasitcity pvt ltd","","+9242111848484",""
"Penta Developers","","+924235927200",""
"Luxurious Builders & Developers - DHA phase 6","","+9242111122888",""
"Murad Associates","","+923007229677",""
"| ARC Associates Office Renovation and House Design","","+923216031727",""
"Falcon Group of Companies","","+923289989991",""
"Al Fatah Exclusive Mall - Hussain Chowk","","+9242111933933",""
"Raja Sahib - Mall Road","","+924236306471",""
"Tenth Avenue Mall","","+923124946140",""
"Rizwan Mall","","+924235921124",""
"Icon shopping center","","+923218406592",""
"Sorrento Square Mall","","+924235750041",""
"9-Arches Shopping Mall","","+923444318238",""
"Carrefour","","+9280049737",""
"Fortress Mall Store","","+923245458630",""
"Zarina Shopping Mall","","+923059157458",""
"Al Fatah - Gold Crest Mall","","+924232307777",""
"Galaxy Mall","","+923244443144",""
"Khan Tower Shopping Centre","","+923014641089",""
"ENEM MALL DHA","","+924237185931",""
"Askari Mall","","+923224631948",""
"Al-Fatah","","+9242111933933",""
"Riazuddin Shopping Center","","+924237323750",""
"High Q Tower","","+924235791334",""
"Central Tower I","","+924235750228",""
"Al Hafeez Executive","","+923070777606",""
"Sona Tower Lahore","","+923154577896",""
"CORPORATE TOWER","","+923000662812",""
"Manchester Tower, Lahore","","+923222225448",""
"Chuburji Tower","","+923014604955",""
"Kasuri Tower","","+924237353672",""
"Empress Tower Courier1","","+923084600884",""
"LRQA Pakistan, Pace Tower","","+9242111111603",""
"Enzo","","+923154233244",""
"MADINA Tower","","+923085894226",""
"Sahibzada Developments (PVT) Ltd.","","+9242111111555",""
"Aspire Tower","","+924235199691",""
"Eden Tower Main Boulevard Gulberg","","+923163337456",""
"E- Sahulat (Inside arfa karim tower)","","+924299233221",""
"LSE Plaza","","+924236311056",""
"Secco Pak Sale Office Al-Hafeez Tower Lahore","","+924235785733",""
"Airlink Tower","","+923079416848",""
"101 Tower Lahore","","+9242111111101",""
"Hascol Petroleum Limited - Regional Office Lahore","","+924235751307",""
"Capital Icon Mall & Residency - Lahore Office","","+923103338239",""
"Global Cooling Tower Lahore","","+923009446153",""
"Innovation Co Working Space","","+923008490244",""
"Al Fatah Head Office","","+924238101619",""
"Be Energy Limited , Lahore Office","","+9242366225401",""
"313 CARGO,Head Office Building","","+924236362313",""
"Associated House","","+924236306108",""
"Batik Air Malaysia Lahore Office","","+923000341448",""
"PAF Falcons Complex, Housing Society","","+924235925292",""
"New Amir Town Housing Scheme","","+923314085358",""
"F3/1 Block Commercial Area,Punjab Cooperative Housing Society Main Blvd Ghazi Road Entrance Cantt, Lahore, 54792","","+924235810365",""
"Pace Woodlands","","+923486187234",""
"Allama Iqbal Town","","+923214476186",""
"Ali View Garden Phase 1 Lahore","","+923012025073",""
"Khan Villa , House 120 Premier Villa","","+923024272026",""
"Khan Bhadhur villas Dha Lhr","","+923014535251",""
"KINGSMEN VILLAS","","+923472844366",""
"KMCA Villa’s","","+923106457314",""
"KMCA Villa","","+923137040378",""
"Batth Villas","","+923472844366",""
"DHA Lahore Plots","","+923006546353",""
"One Stop Marketing","","+923037644499",""
"Rana Estate and Builders","","+923218430747",""
"Abid Town","","+923251231119",""
"Bajwa Property Group","","+923204090421",""
"Bismillah Developers Corporate Office","","+923052222080",""
"Clan Marketing and Developers","","+923083845888",""
"DHA PHASE 8 BROADWAY","","+923218422212",""
"Stencils DHA","","+923214798799",""
"Gwadar Springs","","+9242111727000",""
"DHA Phase 8","","+923438612176",""
"Gwadar Central Head Office","","+923224588240",""
"Kingdom Valley Pvt. Ltd (Marketing Office)","","+9242111555187",""
"101 Group","","+9242111111101",""
"J&N Associates","","+923008636494",""
"RAFI & SONS Real Estate & Construction Company","","+923218333396",""
"Bajwa Estate","","+923201111275",""
"Lahore Garden Booking Office","","+923158684125",""
"TrustMark Real Estate & Marketing-Booking Office (Lahore Smart City)","","+923452222495",""
"Bitspace - Furnished office space rental in Lahore","","+923019890175",""
"Al-Noor Orchard","","+923011142111",""
"Abdullah City Lahore Office","","+923002412233",""
"Lahore City Properties","","+923214929546",""
"JR Property","","+923218437272",""
"ZAMEEN.COM (Regional Office)","","+9280092633",""
"ZeeK Properties Pvt Ltd.","","+923378905174",""
"Pakistan Property","","+923268099990",""
"Relations Property Consultants and Developers","","+923094188819",""
"Human To Space","","+923144200604",""
"Deal and deals (Pvt) (LTD)","","+923233333365",""
"Ghar47","","+923009400669",""
"Baani Group Head Office","","+923111334410",""
"General Property Consultant","","+923229602201",""
"Homes Pakistan","","+924235781936",""
"Naimat Builders & Associates","","+923023388006",""
"DHA Multan Sub office lahore","","+923209498290",""
"Earth Inn Estate and Developers","","+923090500006",""
"Mian Rafiq Estate Pvt. Ltd.","","+923214135104",""
"The Passban Group","","+923217277226",""
"DHA Newlife Residencia","","+923443611595",""
"Zynah Residences","","+923214874322",""
"Hafeez Center mobile","","+923338370637",""
"Al Fatah - Model Town","","+924232307777",""
"Al Latif Center","","+923244545102",""
